{"cameraMode":{"drawMode":0,"name":"Shaded","section":"Shading Mode"},"sceneLighting":true,"audioPlay":false,"sceneViewState":{"showFog":true,"showMaterialUpdate":false,"showSkybox":true,"showFlares":true,"showImageEffects":true,"showParticleSystems":true},"in2DMode":false,"pivot":{"x":540.7637939453125,"y":609.9918823242188,"z":-264.2618103027344},"rotation":{"x":-0.0572785846889019,"y":-0.0009018126293085516,"z":0.00005168172356206924,"w":-0.9983578324317932},"size":61.27217102050781,"orthographic":false}