{"cameraMode":{"drawMode":0,"name":"Shaded","section":"Shading Mode"},"sceneLighting":false,"audioPlay":false,"sceneViewState":{"showFog":true,"showMaterialUpdate":false,"showSkybox":true,"showFlares":true,"showImageEffects":true,"showParticleSystems":true},"in2DMode":false,"pivot":{"x":-4.023357391357422,"y":20.51603889465332,"z":0.7752685546875},"rotation":{"x":0.027280569076538087,"y":-0.04347505047917366,"z":0.0011875951895490289,"w":0.9986813068389893},"size":240.81448364257813,"orthographic":false}