{"cameraMode":{"drawMode":0,"name":"Shaded","section":"Shading Mode"},"sceneLighting":true,"audioPlay":false,"sceneViewState":{"showFog":true,"showMaterialUpdate":false,"showSkybox":true,"showFlares":true,"showImageEffects":true,"showParticleSystems":true},"in2DMode":false,"pivot":{"x":73.33718872070313,"y":312.1733703613281,"z":-297.9251708984375},"rotation":{"x":-0.07769080996513367,"y":0.1169670969247818,"z":-0.009179027751088143,"w":-0.9900498390197754},"size":1.3336479663848878,"orthographic":false}